{"count":1,"self":621.4024704,"total":1007.3204460999999,"children":{"InitializeActuators":{"count":60,"self":0.0024758,"total":0.0024758,"children":null},"InitializeSensors":{"count":60,"self":0.0064445,"total":0.0064445,"children":null},"AgentSendState":{"count":110026,"self":6.2578608,"total":22.508163399999997,"children":{"CollectObservations":{"count":330120,"self":0.922117,"total":0.922117,"children":null},"WriteActionMask":{"count":330120,"self":0.45303299999999996,"total":0.45303299999999996,"children":null},"RequestDecision":{"count":330120,"self":1.7842888,"total":14.875152799999999,"children":{"AgentInfo.ToProto":{"count":330120,"self":1.0777023,"total":13.090864,"children":{"GenerateSensorData":{"count":330120,"self":12.0131616,"total":12.0131617,"children":null}}}}}}},"DecideAction":{"count":110026,"self":265.76442879999996,"total":265.7644305,"children":null},"AgentAct":{"count":110026,"self":95.443103999999991,"total":97.6349949,"children":{"AgentInfo.ToProto":{"count":31207,"self":0.28315409999999996,"total":2.1918903999999997,"children":{"GenerateSensorData":{"count":31207,"self":1.9087364,"total":1.9087363,"children":null}}}}}},"gauges":{"TouchCubeMoveGail.CumulativeReward":{"count":31207,"max":1.9180001,"min":-2.99198723,"runningAverage":1.07383347,"value":1.60599959,"weightedAverage":1.2135247}},"metadata":{"timer_format_version":"0.1.0","start_time_seconds":"1618845328","unity_version":"2020.2.3f1","command_line_arguments":"C:\\Program Files\\Unity\\Hub\\Editor\\2020.2.3f1\\Editor\\Unity.exe -projectpath C:\/Users\/ahrPo\/OneDrive\/Documentos\/GitHub\/Repositorio_tesis\/ArmRobot -useHub -hubIPC -cloudEnvironment production -hubSessionId 71373060-9ac1-11eb-b7c3-79722745ca84 -accessToken X92SaB3KW6y8_FMHUeHf4he33J_5lodcAh4Lgyz37PA006f","communication_protocol_version":"1.3.0","com.unity.ml-agents_version":"1.7.2-preview","scene_name":"RobotMover","end_time_seconds":"1618846336"}}