{"count":1,"self":3.3499238,"total":5.9912345999999994,"children":{"InitializeActuators":{"count":60,"self":0.0019867,"total":0.0019867,"children":null},"InitializeSensors":{"count":60,"self":0.0059603999999999994,"total":0.0059603999999999994,"children":null},"AgentSendState":{"count":301,"self":0.025965099999999998,"total":0.0848182,"children":{"CollectObservations":{"count":960,"self":0.0043923999999999994,"total":0.0043923999999999994,"children":null},"WriteActionMask":{"count":960,"self":0.0024844999999999997,"total":0.0024844999999999997,"children":null},"RequestDecision":{"count":960,"self":0.0068778999999999993,"total":0.0519762,"children":{"AgentInfo.ToProto":{"count":960,"self":0.0035339,"total":0.0450983,"children":{"GenerateSensorData":{"count":960,"self":0.0415644,"total":0.0415644,"children":null}}}}}}},"DecideAction":{"count":301,"self":2.3721924,"total":2.3721924999999997,"children":null},"AgentAct":{"count":301,"self":0.1733819,"total":0.175361,"children":{"AgentInfo.ToProto":{"count":63,"self":0.0004916,"total":0.0019790999999999997,"children":{"GenerateSensorData":{"count":63,"self":0.0014874999999999999,"total":0.0014874999999999999,"children":null}}}}}},"gauges":{"TouchCubeMoveGail.CumulativeReward":{"count":63,"max":0.940499961,"min":-100.0595,"runningAverage":-96.79712,"value":0.9004999,"weightedAverage":-55.8569}},"metadata":{"timer_format_version":"0.1.0","start_time_seconds":"1616596369","unity_version":"2020.2.3f1","command_line_arguments":"C:\\Program Files\\Unity\\Hub\\Editor\\2020.2.3f1\\Editor\\Unity.exe -projectpath C:\/Users\/ahrPo\/OneDrive\/Documentos\/GitHub\/Repositorio_tesis\/ArmRobot -useHub -hubIPC -cloudEnvironment production -hubSessionId 6b30f700-8aef-11eb-bcd6-dda39f9a85d7 -accessToken 3JTJ0Fxfkl9odmFVAblHrBCCc98JliLOwTqnNNCEWDk006f","communication_protocol_version":"1.3.0","com.unity.ml-agents_version":"1.7.2-preview","scene_name":"RobotMover","end_time_seconds":"1616596375"}}