{"count":1,"self":17632.624639999998,"total":28796.8751474,"children":{"InitializeActuators":{"count":60,"self":0.0079475999999999991,"total":0.0079475999999999991,"children":null},"InitializeSensors":{"count":60,"self":0.0164065,"total":0.0164065,"children":null},"AgentSendState":{"count":3138973,"self":171.09021439999998,"total":1780.1132152999999,"children":{"CollectObservations":{"count":9416940,"self":1190.9158912,"total":1190.9158402,"children":null},"WriteActionMask":{"count":9416940,"self":13.677035199999999,"total":13.677034899999999,"children":null},"RequestDecision":{"count":9416940,"self":52.4784064,"total":404.4301249,"children":{"AgentInfo.ToProto":{"count":9416940,"self":32.604870399999996,"total":351.9517183,"children":{"GenerateSensorData":{"count":9416940,"self":319.3468416,"total":319.3468491,"children":null}}}}}}},"DecideAction":{"count":3138973,"self":6217.6468992,"total":6217.6469732,"children":null},"AgentAct":{"count":3138973,"self":3131.2072703999997,"total":3166.46179,"children":{"AgentInfo.ToProto":{"count":652875,"self":5.0467428,"total":35.2544772,"children":{"GenerateSensorData":{"count":652875,"self":30.2077344,"total":30.2077343,"children":null}}}}}},"gauges":{"TouchCubeMoveGail.CumulativeReward":{"count":652875,"max":6.79200125,"min":-2.993987,"runningAverage":4.69526243,"value":6.26200151,"weightedAverage":5.18374}},"metadata":{"timer_format_version":"0.1.0","start_time_seconds":"1620252812","unity_version":"2020.2.3f1","command_line_arguments":"C:\\Program Files\\Unity\\Hub\\Editor\\2020.2.3f1\\Editor\\Unity.exe -projectpath C:\/Users\/ahrPo\/OneDrive\/Documentos\/GitHub\/Repositorio_tesis\/ArmRobot -useHub -hubIPC -cloudEnvironment production -hubSessionId 3623c260-ac26-11eb-b4b2-7b3c7df2a4b3 -accessToken AxrPutWmEkaTuuEdumipTmpxApWwiVFJa88WhMPGf68006f","communication_protocol_version":"1.3.0","com.unity.ml-agents_version":"1.7.2-preview","scene_name":"RobotMover","end_time_seconds":"1620281608"}}