{
    "name": "root",
    "gauges": {
        "TouchCubeMoveGail.Policy.Entropy.mean": {
            "value": 0.29259541630744934,
            "min": 0.22220732271671295,
            "max": 8.743592262268066,
            "count": 354
        },
        "TouchCubeMoveGail.Environment.EpisodeLength.mean": {
            "value": 86.91228070175438,
            "min": 55.812324929971986,
            "max": 94.02358490566037,
            "count": 354
        },
        "TouchCubeMoveGail.Policy.ExtrinsicValueEstimate.mean": {
            "value": -0.07377775758504868,
            "min": -0.31490620970726013,
            "max": 0.03284180909395218,
            "count": 354
        },
        "TouchCubeMoveGail.Policy.GailValueEstimate.mean": {
            "value": 11.370213508605957,
            "min": 5.25606107711792,
            "max": 18.052349090576172,
            "count": 354
        },
        "TouchCubeMoveGail.Environment.CumulativeReward.mean": {
            "value": -0.1495814973217669,
            "min": -0.5030952380094234,
            "max": -0.06179904226552357,
            "count": 354
        },
        "TouchCubeMoveGail.Policy.ExtrinsicReward.mean": {
            "value": -0.1495814973217669,
            "min": -0.5030952380094234,
            "max": -0.06179904226552357,
            "count": 354
        },
        "TouchCubeMoveGail.Policy.GailReward.mean": {
            "value": 9.212294170290251,
            "min": 4.090843682814616,
            "max": 18.500653859074152,
            "count": 354
        },
        "TouchCubeMoveGail.Losses.PolicyLoss.mean": {
            "value": 0.04130923967367332,
            "min": 0.03770666474296728,
            "max": 0.05041140058331126,
            "count": 354
        },
        "TouchCubeMoveGail.Losses.ValueLoss.mean": {
            "value": 5.91822792272688,
            "min": 1.507243490271401,
            "max": 24.97720091410896,
            "count": 354
        },
        "TouchCubeMoveGail.Policy.LearningRate.mean": {
            "value": 8.790046385776366e-05,
            "min": 8.790046385776366e-05,
            "max": 0.0002996721918739753,
            "count": 354
        },
        "TouchCubeMoveGail.Policy.Epsilon.mean": {
            "value": 0.1293001310526316,
            "min": 0.1293001310526316,
            "max": 0.1998907305882353,
            "count": 354
        },
        "TouchCubeMoveGail.Policy.Beta.mean": {
            "value": 0.0001535706421578947,
            "min": 0.0001535706421578947,
            "max": 0.0004994645798823529,
            "count": 354
        },
        "TouchCubeMoveGail.Policy.GAILPolicyEstimate.mean": {
            "value": 0.16852596238778347,
            "min": 0.0863748143280023,
            "max": 0.42078457409455106,
            "count": 354
        },
        "TouchCubeMoveGail.Policy.GAILExpertEstimate.mean": {
            "value": 0.8268451614860903,
            "min": 0.6246025703311746,
            "max": 0.9235038550799354,
            "count": 354
        },
        "TouchCubeMoveGail.Losses.GAILLoss.mean": {
            "value": 0.4579190321658787,
            "min": 0.19049416449770593,
            "max": 1.0966876130867629,
            "count": 354
        },
        "TouchCubeMoveGail.Policy.GAILGradMagLoss.mean": {
            "value": 0.022449124820955225,
            "min": 0.01824039861706919,
            "max": 3.3660436552918815,
            "count": 354
        },
        "TouchCubeMoveGail.Losses.PretrainingLoss.mean": {
            "value": 0.10709250143222643,
            "min": 0.10698394947930386,
            "max": 0.9924388703177955,
            "count": 354
        },
        "TouchCubeMoveGail.IsTraining.mean": {
            "value": 1.0,
            "min": 1.0,
            "max": 1.0,
            "count": 354
        }
    },
    "metadata": {
        "timer_format_version": "0.1.0",
        "start_time_seconds": "1615159497",
        "python_version": "3.7.9 (tags/v3.7.9:13c94747c7, Aug 17 2020, 18:58:18) [MSC v.1900 64 bit (AMD64)]",
        "command_line_arguments": "C:\\Users\\ahrPo\\AppData\\Local\\Programs\\Python\\Python37\\Scripts\\mlagents-learn Config\\gail.yaml --run-id=Test2 --force",
        "mlagents_version": "0.23.0",
        "mlagents_envs_version": "0.23.0",
        "communication_protocol_version": "1.3.0",
        "pytorch_version": "1.7.1+cu110",
        "numpy_version": "1.18.5",
        "end_time_seconds": "1615185169"
    },
    "total": 25671.9386695,
    "count": 1,
    "self": 0.006667299996479414,
    "children": {
        "run_training.setup": {
            "total": 0.008593800000000096,
            "count": 1,
            "self": 0.008593800000000096
        },
        "TrainerController.start_learning": {
            "total": 25671.9234084,
            "count": 1,
            "self": 8.980885701024818,
            "children": {
                "TrainerController._reset_env": {
                    "total": 7.9616698999999995,
                    "count": 1,
                    "self": 7.5168501,
                    "children": {
                        "demo_to_buffer": {
                            "total": 0.44481979999999943,
                            "count": 2,
                            "self": 0.001065499999997499,
                            "children": {
                                "load_demonstration": {
                                    "total": 0.006074700000000988,
                                    "count": 2,
                                    "self": 0.005835100000000537,
                                    "children": {
                                        "read_file": {
                                            "total": 0.00023960000000045056,
                                            "count": 2,
                                            "self": 0.00023960000000045056
                                        }
                                    }
                                },
                                "make_demo_buffer": {
                                    "total": 0.43767960000000095,
                                    "count": 2,
                                    "self": 0.08655190000005142,
                                    "children": {
                                        "steps_from_proto": {
                                            "total": 0.3511276999999495,
                                            "count": 1540,
                                            "self": 0.18973839999994446,
                                            "children": {
                                                "_process_vector_observation": {
                                                    "total": 0.16138930000000506,
                                                    "count": 6160,
                                                    "self": 0.16138930000000506
                                                }
                                            }
                                        }
                                    }
                                }
                            }
                        }
                    }
                },
                "TrainerController.advance": {
                    "total": 25654.805513898977,
                    "count": 328930,
                    "self": 4.915993898717716,
                    "children": {
                        "env_step": {
                            "total": 25649.88952000026,
                            "count": 328930,
                            "self": 23109.41005840149,
                            "children": {
                                "SubprocessEnvManager._take_step": {
                                    "total": 2535.8199240981776,
                                    "count": 328930,
                                    "self": 21.181049698215247,