{
    "name": "root",
    "metadata": {
        "timer_format_version": "0.1.0",
        "start_time_seconds": "1618234798",
        "python_version": "3.7.9 (tags/v3.7.9:13c94747c7, Aug 17 2020, 18:58:18) [MSC v.1900 64 bit (AMD64)]",
        "command_line_arguments": "C:\\Users\\ahrPo\\AppData\\Local\\Programs\\Python\\Python37\\Scripts\\mlagents-learn Config\\ppo.yaml --run-id=curriculum1 --force",
        "mlagents_version": "0.23.0",
        "mlagents_envs_version": "0.23.0",
        "communication_protocol_version": "1.3.0",
        "pytorch_version": "1.7.1+cu110",
        "numpy_version": "1.19.5",
        "end_time_seconds": "1618234850"
    },
    "total": 52.420686599999996,
    "count": 1,
    "self": 0.025634199999991836,
    "children": {
        "run_training.setup": {
            "total": 0.009832400000000519,
            "count": 1,
            "self": 0.009832400000000519
        },
        "TrainerController.start_learning": {
            "total": 52.385220000000004,
            "count": 1,
            "self": 0.06384319999998667,
            "children": {
                "TrainerController._reset_env": {
                    "total": 8.0959441,
                    "count": 1,
                    "self": 8.0959441
                },
                "TrainerController.advance": {
                    "total": 43.152723900000026,
                    "count": 1179,
                    "self": 0.054295399999887195,
                    "children": {
                        "env_step": {
                            "total": 43.09842850000014,
                            "count": 1179,
                            "self": 33.79746730000026,
                            "children": {
                                "SubprocessEnvManager._take_step": {
                                    "total": 9.284857000000025,
                                    "count": 1179,
                                    "self": 0.07771860000003628,
                                    "children": {
                                        "TorchPolicy.evaluate": {
                                            "total": 9.20713839999999,
                                            "count": 982,
                                            "self": 1.20162700000005,
                                            "children": {
                                                "TorchPolicy.sample_actions": {
                                                    "total": 8.00551139999994,
                                                    "count": 982,
                                                    "self": 8.00551139999994
                                                }
                                            }
                                        }
                                    }
                                },
                                "workers": {
                                    "total": 0.016104199999858793,
                                    "count": 1178,
                                    "self": 0.0,
                                    "children": {
                                        "worker_root": {
                                            "total": 44.81748499999993,
                                            "count": 1178,
                                            "is_parallel": true,
                                            "self": 12.320861499999808,
                                            "children": {
                                                "steps_from_proto": {
                                                    "total": 0.0003807000000000116,
                                                    "count": 1,
                                                    "is_parallel": true,
                                                    "self": 0.0001771999999995444,
                                                    "children": {
                                                        "_process_vector_observation": {
                                                            "total": 0.0002035000000004672,
                                                            "count": 4,
                                                            "is_parallel": true,
                                                            "self": 0.0002035000000004672
                                                        }
                                                    }
                                                },
                                                "UnityEnvironment.step": {
                                                    "total": 32.49624280000012,
                                                    "count": 1178,
                                                    "is_parallel": true,
                                                    "self": 0.1282628000000514,
                                                    "children": {
                                                        "UnityEnvironment._generate_step_input": {
                                                            "total": 0.09451900000005331,
                                                            "count": 1178,
                                                            "is_parallel": true,
                                                            "self": 0.09451900000005331
                                                        },
                                                        "communicator.exchange": {
                                                            "total": 31.742442100000073,
                                                            "count": 1178,
                                                            "is_parallel": true,
                                                            "self": 31.742442100000073
                                                        },
                                                        "steps_from_proto": {
                                                            "total": 0.5310188999999408,
                                                            "count": 1178,
                                                            "is_parallel": true,
                                                            "self": 0.24442909999987172,
                                                            "children": {
                                                                "_process_vector_observation": {
                                                                    "total": 0.28658980000006906,
                                                                    "count": 4712,
                                                                    "is_parallel": true,
                                                                    "self": 0.28658980000006906
                                                                }
                                                            }
                                                        }
                                                    }
                                                }
                                            }
                                        }
                                    }
                                }
                            }
                        }
                    }
                },
                "trainer_threads": {
                    "total": 3.119999999512402e-05,
                    "count": 1,
                    "self": 3.119999999512402e-05,
                    "children": {
                        "thread_root": {
                            "total": 0.0,
                            "count": 0,
                            "is_parallel": true,
                            "self": 0.0,