{"count":1,"self":3264.2770944,"total":5490.7421727,"children":{"InitializeActuators":{"count":60,"self":0.0054559,"total":0.0054559,"children":null},"InitializeSensors":{"count":60,"self":0.012400699999999999,"total":0.012400699999999999,"children":null},"AgentSendState":{"count":319069,"self":73.2867904,"total":285.17631259999996,"children":{"CollectObservations":{"count":957240,"self":16.906163199999998,"total":16.906162899999998,"children":null},"WriteActionMask":{"count":957240,"self":10.793054399999999,"total":10.7930545,"children":null},"RequestDecision":{"count":957240,"self":40.4870048,"total":184.1903056,"children":{"AgentInfo.ToProto":{"count":957240,"self":28.381584,"total":143.7033021,"children":{"GenerateSensorData":{"count":957240,"self":115.3217152,"total":115.32171939999999,"children":null}}}}}}},"DecideAction":{"count":319069,"self":1516.9609728,"total":1516.9609788999999,"children":null},"AgentAct":{"count":319069,"self":422.404224,"total":424.30690039999996,"children":{"AgentInfo.ToProto":{"count":9932,"self":0.4583389,"total":1.9026642999999999,"children":{"GenerateSensorData":{"count":9932,"self":1.4443253999999999,"total":1.4443253999999999,"children":null}}}}}},"gauges":{"TouchCubeMoveGail.CumulativeReward":{"count":9932,"max":1.9945,"min":-2.93043256,"runningAverage":-1.00633264,"value":-1.00001872,"weightedAverage":-1.00036669}},"metadata":{"timer_format_version":"0.1.0","start_time_seconds":"1618159599","unity_version":"2020.2.3f1","command_line_arguments":"C:\\Users\\ahrPo\\OneDrive\\Documentos\\GitHub\\Repositorio_tesis\\ArmRobot\\Assets\\..\\Build\\ArmRobot.exe --mlagents-port 5008 -logFile C:\\Users\\ahrPo\\OneDrive\\Documentos\\GitHub\\Repositorio_tesis\\ArmRobot\\Assets\\results\\curriculum1\\run_logs\\Player-3.log","communication_protocol_version":"1.3.0","com.unity.ml-agents_version":"1.7.2-preview","scene_name":"RobotMover","end_time_seconds":"1618165089"}}