{"count":1,"self":47.016774399999996,"total":75.9771829,"children":{"InitializeActuators":{"count":60,"self":0.0069443,"total":0.0069443,"children":null},"InitializeSensors":{"count":60,"self":0.0143821,"total":0.0143821,"children":null},"AgentSendState":{"count":4480,"self":0.91646149999999993,"total":3.2587745,"children":{"CollectObservations":{"count":13440,"self":0.2068832,"total":0.2068832,"children":null},"WriteActionMask":{"count":13440,"self":0.15327259999999998,"total":0.15327259999999998,"children":null},"RequestDecision":{"count":13440,"self":0.46481989999999995,"total":1.9821571999999998,"children":{"AgentInfo.ToProto":{"count":13440,"self":0.4062357,"total":1.5173372999999999,"children":{"GenerateSensorData":{"count":13440,"self":1.1111016,"total":1.1111016,"children":null}}}}}}},"DecideAction":{"count":4480,"self":22.283839999999998,"total":22.283839399999998,"children":null},"AgentAct":{"count":4480,"self":3.3711796,"total":3.3934916999999998,"children":{"AgentInfo.ToProto":{"count":188,"self":0.0069451999999999995,"total":0.022312199999999997,"children":{"GenerateSensorData":{"count":188,"self":0.015366999999999999,"total":0.015366999999999999,"children":null}}}}}},"gauges":{"TouchCubeMoveGail.CumulativeReward":{"count":188,"max":1.00206172,"min":-200.001,"runningAverage":-39.9526443,"value":-1.00001872,"weightedAverage":-29.54257}},"metadata":{"timer_format_version":"0.1.0","start_time_seconds":"1616597140","unity_version":"2020.2.3f1","command_line_arguments":"C:\\Users\\ahrPo\\OneDrive\\Documentos\\GitHub\\Repositorio_tesis\\ArmRobot\\Assets\\..\\Build\\ArmRobot.exe --mlagents-port 5005 -logFile C:\\Users\\ahrPo\\OneDrive\\Documentos\\GitHub\\Repositorio_tesis\\ArmRobot\\Assets\\results\\test\\run_logs\\Player-0.log","communication_protocol_version":"1.3.0","com.unity.ml-agents_version":"1.7.2-preview","scene_name":"RobotMover","end_time_seconds":"1616597215"}}